Aitchison.lean	closure_sum_one
Aitchison.lean	clr_sum_zero
Aitchison.lean	softmax_log_eq_closure
Aitchison.lean	softmax_sum_one
AitchisonIsometry.lean	clrE_mem
AitchisonIsometry.lean	ilr_inner
AitchisonIsometry.lean	ilr_isometry
Alt/CSigma.lean	csigmaComposition_eq_classicComposition
Alt/CSigma.lean	csigmaDensity_offset_eq_classicDensity
Alt/CSigma.lean	csigmaOffset_of_lineIntensity
Alt/CSigma.lean	csigma_agrees_classic
Alt/CSigma.lean	csigma_agrees_of_sound
Alt/CSigma.lean	csigma_cross_stage_collapse
Alt/CSigma.lean	csigma_density_offset
Alt/CSigma.lean	csigma_master_line
Alt/CSigma.lean	csigma_master_line_indep_species
Alt/CSigma.lean	csigma_master_olsSlope
Alt/CSigma.lean	csigma_saha_master_line
Alt/CSigma.lean	csigma_saha_universal_line
Alt/CSigma.lean	csigma_sound
Alt/CSigma.lean	csigma_temperature_cross_stage
Alt/CSigma.lean	csigma_universal_indep_species
Alt/CSigma.lean	csigma_universal_line
Alt/CSigma.lean	sound_agree
Alt/CSigmaCurveOfGrowth.lean	csigma_curve_of_growth_density_droop
Alt/CSigmaCurveOfGrowth.lean	csigma_curve_of_growth_droop
Alt/CSigmaCurveOfGrowth.lean	csigma_curve_of_growth_le
Alt/CSigmaCurveOfGrowth.lean	csigma_curve_of_growth_lt
Alt/CSigmaCurveOfGrowth.lean	csigma_curve_of_growth_strictAntiOn
Alt/CSigmaCurveOfGrowth.lean	csigma_curve_of_growth_tendsto_universal
Alt/CSigmaCurveOfGrowth.lean	csigma_curve_of_growth_thin
Alt/GaussMarkov.lean	linEstimator_eq
Alt/GaussMarkov.lean	linEstimator_eq_unbiased
Alt/GaussMarkov.lean	linEstimator_expectation
Alt/GaussMarkov.lean	linEstimator_unbiased_iff
Alt/GaussMarkov.lean	linEstimator_variance
Alt/GaussMarkov.lean	ols_is_blue
Alt/GaussMarkov.lean	weight_sq_ge_noiseGain
Alt/LeastSquares.lean	leastSquares_agrees_classic
Alt/LeastSquares.lean	leastSquares_sound
Alt/LeastSquares.lean	olsBoltzmann_forward_feasible
Alt/LeastSquares.lean	olsBoltzmann_forward_feasible_at
Alt/LeastSquares.lean	olsDensity_recovers
Alt/LeastSquares.lean	olsIntercept_of_forward
Alt/NeutralityScale.lean	closureEstimate_bias
Alt/NeutralityScale.lean	lineIntensity_linear
Alt/NeutralityScale.lean	lineIntensity_ratio
Alt/NeutralityScale.lean	neutralityScale_eq_Fcal
Alt/NeutralityScale.lean	neutralityScale_undetected
Alt/OLSAtomicDataPerturbation.lean	olsComposition_atomicData_error
Alt/OLSAtomicDataPerturbation.lean	olsDensity_aliasing_A
Alt/OLSAtomicDataPerturbation.lean	olsDensity_aliasing_A_error
Alt/OLSAtomicDataPerturbation.lean	olsDensity_aliasing_E_error
Alt/OLSAtomicDataPerturbation.lean	olsIntercept_wrong_abscissa
Alt/OLSAtomicDataPerturbation.lean	olsSlope_wrong_abscissa
Alt/OLSVariance.lean	expectation_const_add_weightedNoise
Alt/OLSVariance.lean	olsSlope_estimator_eq
Alt/OLSVariance.lean	olsSlope_unbiased
Alt/OLSVariance.lean	olsSlope_variance_antitone
Alt/OLSVariance.lean	olsSlope_variance_eq
Alt/OLSVariance.lean	olsSlope_variance_noiseGain
Alt/OLSVariance.lean	variance_const_add_weightedNoise
Alt/SelfAbsorbed.lean	classicDensity_smul_intensity
Alt/SelfAbsorbed.lean	selfAbsorbed_corrects_bias
Alt/SelfAbsorbed.lean	selfAbsorbed_eq_classic_corrected
Alt/SelfAbsorbed.lean	selfAbsorbed_eq_classic_thin
Alt/SelfAbsorbed.lean	selfAbsorbed_sound
Alt/StochasticBudget.lean	alphaHat_chebyshev
Alt/StochasticBudget.lean	alphaHat_estimator_eq
Alt/StochasticBudget.lean	alphaHat_memLp_two
Alt/StochasticBudget.lean	alphaHat_unbiased
Alt/StochasticBudget.lean	alphaHat_variance_eq
Alt/StochasticBudget.lean	betaHat_memLp_two
Alt/StochasticBudget.lean	composition_tail_union
Alt/StochasticBudget.lean	density_event_subset
Alt/StochasticBudget.lean	density_tail_species
Alt/StochasticBudget.lean	olsSlope_chebyshev
Alt/StochasticBudget.lean	olsSlope_subGaussian_tail
Alt/StochasticBudget.lean	temp_slope_event_subset
Alt/StochasticBudget.lean	temp_tail_transfer
Analysis.lean	abs_exp_sub_le
Analysis.lean	abs_exp_sub_one_le
Analysis.lean	abs_log_ratio_le
Analysis.lean	coupledFixedPoint_le_of_map_le
Analysis.lean	coupledFixedPoint_lt_of_map_lt
Analysis.lean	exp_sub_le_mul
Analysis.lean	inv_kT_sub_le
Analysis.lean	strictAntiOn_div_of_deriv_num_neg
Analysis.lean	sym2x2_coercive
Analysis.lean	sym2x2_condition
Analysis.lean	sym2x2_quadForm
Analysis.lean	sym2x2_upper
Analysis.lean	temp_exp_diff_lower
AtomicDataPerturbation.lean	classicComposition_atomicData_error
AtomicDataPerturbation.lean	classicComposition_temperature_error
AtomicDataPerturbation.lean	classicDensity_aliasing
AtomicDataPerturbation.lean	classicDensity_aliasing_error
AtomicDataPerturbation.lean	classicDensity_aliasing_error_channels
AtomicDataPerturbation.lean	classicDensity_aliasing_error_energy
AtomicDataPerturbation.lean	classicDensity_temperature_aliasing
AtomicDataPerturbation.lean	classicDensity_temperature_aliasing_error
Boltzmann.lean	boltzmannFactor_pos
Boltzmann.lean	boltzmann_plot
Boltzmann.lean	partitionFunction_pos
Boltzmann.lean	population_sum
Boltzmann.lean	temperature_from_two_levels
Certificates.lean	aliasBudget_certificate_sound
Certificates.lean	compBudget_certificate_sound
Certificates.lean	conditioning_certificate_sound
Certificates.lean	dampedIter_certificate_sound
Certificates.lean	energySpread_certificate_sound
Certificates.lean	jointRank_certificate_sound
Certificates.lean	knownTau_certificate_sound
Certificates.lean	mcWhirter_certificate_sound
Certificates.lean	saDistinct_certificate_sound
Certificates.lean	sahaIter_certificate_sound
Certificates.lean	slopeBudget_certificate_sound
Certificates.lean	tempBudget_certificate_sound
Classic.lean	classicDensity_recovers
Classic.lean	classic_calibration_free
Classic.lean	classic_sound
Classic.lean	classic_sound_sum_one
Classic.lean	classic_temperature_correct
Closure.lean	composition_le_one
Closure.lean	composition_mem_stdSimplex
Closure.lean	composition_nonneg
Closure.lean	composition_smul_invariant
Closure.lean	composition_sum_one
Closure.lean	totalDensity_pos
CompositionIdentifiability.lean	compositionIdentifiable
CompositionIdentifiability.lean	compositionIdentifiable_T
CompositionIdentifiability.lean	observeMulti_inl
CompositionRobustness.lean	composition_abs_sub_le
CompositionRobustness.lean	composition_abs_sub_le_bound
CompositionRobustness.lean	composition_dist_vector_le
CompositionRobustness.lean	composition_sub_eq
CompositionRobustness.lean	totalDensity_abs_sub_le
ConditionNumber.lean	boltzmannConditionNumber_eq_of_spread_le
ConditionNumber.lean	card_div_spread_le_conditionNumber
ConditionNumber.lean	conditionCeiling_of_requiredEnergySpread
ConditionNumber.lean	conditionNumber_antitone_of_spread
ConditionNumber.lean	conditionNumber_disagrees_with_dOptimality
ConditionNumber.lean	conditionNumber_le_of_spread_floor
ConditionNumber.lean	conditionRoute_slope_target
ConditionNumber.lean	nonvacuity_conditionNumber_value
ConditionNumber.lean	nonvacuity_fit_error_fires
ConditionNumber.lean	nonvacuity_fit_error_values
ConditionNumber.lean	nonvacuity_slope_error_fires
ConditionNumber.lean	nonvacuity_slope_error_values
ConditionNumber.lean	olsFit_error_sq_le_conditionNumber
ConditionNumber.lean	olsSlope_error_le_sqrt_conditionNumber
ConditionNumber.lean	temp_rel_error_le_sqrt_conditionNumber
ConformalCoverage.lean	card_le_card_covered
ConformalCoverage.lean	conformal_coverage_fraction
ConformalCoverage.lean	conformal_coverage_of_exchangeable
Continuum.lean	baseline_subtraction_exact
Continuum.lean	contEmissivitySingly_eq
Continuum.lean	contEmissivity_pos
Continuum.lean	contEmissivity_strictMono_ne
Continuum.lean	lineToContRatio_pos
Continuum.lean	lineToContRatio_strictMono_T
CurveOfGrowth.lean	cogIntensity_injective
CurveOfGrowth.lean	cogIntensity_slab_eq
CurveOfGrowth.lean	cogIntensity_strictMono
CurveOfGrowth.lean	cogRatio_deriv_num_neg
CurveOfGrowth.lean	cogRatio_eq_intensity_ratio
CurveOfGrowth.lean	cogRatio_injOn
CurveOfGrowth.lean	cogRatio_strictAntiOn
CurveOfGrowth.lean	cogSlope_strictAntiOn
CurveOfGrowth.lean	cog_denom_pos
CurveOfGrowth.lean	exp_mul_one_sub_lt_one
DifferentialEstimator.lean	classic_biased_differential_exact
DifferentialEstimator.lean	differentialComposition_exact_of_matched
DifferentialEstimator.lean	differentialRatio_eq_density_ratio
DifferentialEstimator.lean	differentialRatio_error_bound
DifferentialEstimator.lean	differentialRatio_immune_to_atomicData
DifferentialEstimator.lean	differentialRatio_selfAbsorbed_matched
DifferentialEstimator.lean	differentialRatio_selfAbsorption_cancels_iff
DifferentialEstimator.lean	differentialRatio_selfAbsorption_residual
DifferentialEstimator.lean	differentialSlope_eq_neg_dbeta
DifferentialEstimator.lean	differentialSlope_two_lines
DifferentialEstimator.lean	logDifferentialRatio_affine_in_E
Dimensions.lean	boltzmannConstant_eq
Dimensions.lean	boltzmann_arg_dimensionless
Dimensions.lean	einsteinA_photonEnergy_dim
Dimensions.lean	energy_eq
Dimensions.lean	hydrogenStark_homogeneous
Dimensions.lean	planckConstant_eq
Dimensions.lean	rootSumSquare_length_dim
Dimensions.lean	sahaFactor_dim
Dimensions.lean	sahaLaw_homogeneous
Dimensions.lean	shiftWidthRatio_dimensionless
Dimensions.lean	siToCgs_energy
Dimensions.lean	siToCgs_mul
Dimensions.lean	siToCgs_numberDensity
Dimensions.lean	siToCgs_one
Dimensions.lean	starkShift_homogeneous
Dimensions.lean	thermalBracket_dim
DoubletChannel.lean	cogRatio_pos
DoubletChannel.lean	doubletRatio_continuousOn
DoubletChannel.lean	doubletRatio_determines_tau
DoubletChannel.lean	doubletRatio_eq_cogRatio
DoubletChannel.lean	doubletRatio_eq_inv_cogRatio
DoubletChannel.lean	doubletRatio_eq_measured_ratio
DoubletChannel.lean	doubletRatio_injOn
DoubletChannel.lean	doubletRatio_pos
DoubletChannel.lean	doubletRatio_scale_invariant
DoubletChannel.lean	doubletRatio_strictAntiOn
DoubletChannel.lean	doubletRatio_strictMonoOn
DoubletChannel.lean	doublet_denom_pos
DoubletChannel.lean	doublet_determines_columnDensity
DoubletChannel.lean	doublet_exact_fit
DoubletChannel.lean	doublet_fit_unique
DoubletChannel.lean	doublet_identifies_columnDensity_calibration_free
DoubletChannel.lean	doublet_residual_vacuous
DoubletChannel.lean	inhomogeneous_doublet_admits_exact_homogeneous_fit
DoubletChannel.lean	one_lt_doubletRatio
DoubletChannel.lean	single_line_tau_alias
DoubletChannel.lean	slab_second_eq_mul_ratio
DoubletChannel.lean	weighted_mean_strict_between
EquivalentWidth.lean	equivWidth_integrand_integrable
EquivalentWidth.lean	equivWidth_le_thin
EquivalentWidth.lean	equivWidth_lorentzian_scaled
EquivalentWidth.lean	equivWidth_lorentzian_sqrt_lower
EquivalentWidth.lean	equivWidth_lorentzian_sqrt_sharp
EquivalentWidth.lean	equivWidth_lorentzian_sqrt_two_sided
EquivalentWidth.lean	equivWidth_lorentzian_sqrt_upper
EquivalentWidth.lean	equivWidth_mono
EquivalentWidth.lean	equivWidth_nonneg
EquivalentWidth.lean	equivWidth_rectangular
EquivalentWidth.lean	equivWidth_weakLine
EquivalentWidth.lean	integral_one_sub_exp_neg_inv_sq
EquivalentWidth.lean	lorentzian_integrable
EquivalentWidth.lean	lorentzian_integral
EquivalentWidth.lean	lorentzian_pos
EquivalentWidth.lean	nvLz_sqrt_lower_at_threshold
EquivalentWidth.lean	slabCurve_forward_lipschitz
EquivalentWidth.lean	slabCurve_inverse_lipschitz
EquivalentWidth.lean	slabCurve_roundTrip_lipschitz
EquivalentWidth.lean	tendsto_integral_g_beta
ErrorBudget.lean	combinedSlopeTempUpdate_lipschitz
ErrorBudget.lean	combinedSlope_offset_lipschitz
ErrorBudget.lean	composition_abs_sub_le_uniform
ErrorBudget.lean	composition_target_sufficient
ErrorBudget.lean	maxPerLineError_sufficient
ErrorBudget.lean	olsIntercept_stable_centered
ErrorBudget.lean	olsIntercept_stable_hetero
ErrorBudget.lean	olsSlope_l1_const_two
ErrorBudget.lean	olsSlope_stable_hetero
ErrorBudget.lean	olsSlope_stable_l1
ErrorBudget.lean	olsSlope_stable_l1_of_hetero
ErrorBudget.lean	olsSlope_stable_l2
ErrorBudget.lean	olsSlope_stable_l2_sq
ErrorBudget.lean	olsSlope_stable_two
ErrorBudget.lean	relDensity_le
ErrorBudget.lean	requiredEnergySpread_sufficient
ErrorBudget.lean	temp_rel_error_eq
ErrorBudget.lean	temp_rel_error_hetero
ErrorBudget.lean	temp_rel_error_le
EvaluatorSoundness.lean	gateCore_composition_error_le
EvaluatorSoundness.lean	hardGateBundle_composition_error_le
EvaluatorSoundness.lean	hardGateBundle_implies_noise_to_composition_hyps
EvaluatorSoundness.lean	hardGateBundle_of_certificates_report
EvaluatorSoundness.lean	hardGateBundle_slope_error_le
EvaluatorSoundness.lean	hardGateBundle_thermalizationLimit
FisherLineSelection.lean	crlb_insert_le
FisherLineSelection.lean	crlb_slope
FisherLineSelection.lean	fisherInfoSlope_nonneg
FisherLineSelection.lean	fisherInfoSlope_pos
FisherLineSelection.lean	fisherInfo_insert_ge
FisherLineSelection.lean	no_gain_iff
FisherLineSelection.lean	nonvacuity_crlb_attained
FisherLineSelection.lean	nonvacuity_far_line
FisherLineSelection.lean	nonvacuity_line_at_mean
FisherLineSelection.lean	olsSlope_attains_crlb
FisherLineSelection.lean	spreadOn_empty
FisherLineSelection.lean	spreadOn_insert
FisherLineSelection.lean	spreadOn_insert_eq_iff
FisherLineSelection.lean	spreadOn_insert_ge
FisherLineSelection.lean	spreadOn_insert_lt_iff
FisherLineSelection.lean	spreadOn_mono
FisherLineSelection.lean	spreadOn_nonneg
FisherLineSelection.lean	sum_sq_sub_eq_spreadOn_add
FisherLineSelection.lean	sum_sub_finsetMean
ForwardMap.lean	boltzmann_plot_intensity
ForwardMap.lean	lineIntensity_pos
ForwardMap.lean	temperature_from_two_lines
ForwardMapEnergy.lean	boltzmann_plot_intensity_wavelength
ForwardMapEnergy.lean	lineIntensityEnergy_eq_lineIntensity
ForwardMapEnergy.lean	lineIntensityEnergy_mul_lam
ForwardMapEnergy.lean	lineIntensityEnergy_pos
ForwardMapEnergy.lean	temperature_from_two_lines_wavelength
HeteroAtomicData.lean	heteroSlopeBound_const
HeteroAtomicData.lean	heteroSlopeBound_le_global
HeteroAtomicData.lean	heteroSlopeBound_lt_global_witness
HeteroAtomicData.lean	nvP_heteroSlopeBound_value
HeteroAtomicData.lean	nvP_slope_bias_eq_log
HeteroAtomicData.lean	olsSlope_aliasing_A
HeteroAtomicData.lean	olsSlope_aliasing_A_global
HeteroAtomicData.lean	olsSlope_aliasing_A_hetero
HeteroAtomicData.lean	relTransfer_mono
HeteroAtomicData.lean	temp_rel_error_atomicData_hetero
HydrogenStark.lean	densityFromHydrogenStark_recovers
HydrogenStark.lean	hydrogenStarkFWHM_injOn
HydrogenStark.lean	hydrogenStarkFWHM_pos
HydrogenStark.lean	hydrogenStarkFWHM_strictMonoOn
Identifiability.lean	density_identifiability
Identifiability.lean	electron_density_identifiability
Identifiability.lean	lineIntensity_ratio_closed_form
Identifiability.lean	temperature_degeneracy
Identifiability.lean	temperature_identifiability
Identifiability.lean	temperature_not_identifiable_of_degenerate
Identifiability.lean	temperature_ratio_near_degenerate
InhomogeneityBias.lean	apparentBeta_eq_homogeneous
InhomogeneityBias.lean	apparentTemperature_ge
InhomogeneityBias.lean	intercept_eq_log_total_homogeneous
InhomogeneityBias.lean	intercept_le_log_total
InhomogeneityBias.lean	logMixture_homogeneous
InhomogeneityBias.lean	logMixture_secant_le
InhomogeneityBias.lean	logMixture_secant_lt
InhomogeneityBias.lean	logMixture_tangent_le
InhomogeneityBias.lean	logMixture_tangent_lt
InhomogeneityBias.lean	logMixture_zero
InhomogeneityBias.lean	mixed_apparentBeta_antitone
InhomogeneityBias.lean	mixed_apparentBeta_le_tiltMean
InhomogeneityBias.lean	mixed_boltzmann_ordinate
InhomogeneityBias.lean	mixed_intercept_le_log_column
InhomogeneityBias.lean	mixture_pos
InhomogeneityBias.lean	pairSlope_antitone
InhomogeneityBias.lean	pairSlope_le_tiltMean
InhomogeneityBias.lean	pairSlope_lt_tiltMean
InhomogeneityBias.lean	pairSlope_pos
InhomogeneityBias.lean	pairSlope_strictAnti
InhomogeneityBias.lean	tiltMean_homogeneous
InhomogeneityBias.lean	tiltMean_le_pairSlope
InhomogeneityBias.lean	tiltWeight_exponent_sum
InhomogeneityBias.lean	tiltWeight_mixture
InhomogeneityBias.lean	tiltWeight_pos
InhomogeneityBias.lean	tiltWeight_sum_one
InhomogeneityBias.lean	zoneWeight_pos
IntervalEnclosure.lean	normalMap_dist_le
IntervalEnclosure.lean	normalMap_epsilon_ball
IntervalEnclosure.lean	normalMap_lipschitzOnWith
IntervalEnclosure.lean	normalMap_one_one
IntervalEnclosure.lean	normalMap_one_zero
IntervalEnclosure.lean	normalMap_zero_one
IntervalEnclosure.lean	normalMap_zero_zero
Inverse.lean	general_identifiability
Inverse.lean	rawCompositionEstimator_sound
Inverse.lean	sound_estimators_agree
JointConvergence.lean	jointConvergence
JointIdentifiability.lean	joint_identifiability
LadenburgReiche.lean	equivWidth_lorentzianG_isEquivalent
LadenburgReiche.lean	equivWidth_lorentzianG_scaled
LadenburgReiche.lean	equivWidth_lorentzianG_sqrt_sharp
LadenburgReiche.lean	equivWidth_lorentzian_isEquivalent
LadenburgReiche.lean	lorentzianG_one
LadenburgReiche.lean	lorentzianG_pos
LeastSquaresFit.lean	leastSquaresFeasible_iff_exists
LeastSquaresFit.lean	leastSquaresResidual_eq_zero_iff
LeastSquaresFit.lean	leastSquaresResidual_nonneg
LeastSquaresFit.lean	ols_minimizer_eq_inverse
LeastSquaresFit.lean	ols_minimizes_rss
LeastSquaresFit.lean	residual_centered_dot_zero
LeastSquaresFit.lean	residual_dot_energy_zero
LeastSquaresFit.lean	residual_sum_zero
LeastSquaresFit.lean	rss_decomposition
LineBroadening.lean	deconvolveGaussian_quadrature
LineBroadening.lean	dopplerFWHM_pos
LineBroadening.lean	dopplerFWHM_strictMono_T
LineBroadening.lean	doppler_recovers
LineBroadening.lean	gaussQuadrature_comm
LineSelection.lean	energySpreadCert_iff
LineSelection.lean	energySpread_nonneg
LineSelection.lean	exists_dOptimal_lineSet
LineSelection.lean	exists_dOptimal_subset
LineSelection.lean	fairCoins_integral
LineSelection.lean	nonvacuity_dOptimal_fires
LineSelection.lean	nonvacuity_energySpread_values
LineSelection.lean	nonvacuity_rademacher_values
LineSelection.lean	nonvacuity_variance_ratio_nine
LineSelection.lean	nonvacuity_wider_pair_strictly_better
LineSelection.lean	radNoise_mean
LineSelection.lean	radNoise_memLp
LineSelection.lean	radNoise_uncorr
LineSelection.lean	radNoise_variance
LineSelection.lean	slopeVariance_le_iff_spread_le
LineSelection.lean	slopeVariance_le_of_spreadOn_ge
LineSelection.lean	slopeVariance_le_of_spread_ge
LineSelection.lean	slopeVariance_lt_of_spread_lt
LineSelection.lean	spreadOn_eq
MatrixEffects.lean	composition_le_recoveredComposition
MatrixEffects.lean	detectedDensity_le_totalDensity
MatrixEffects.lean	detectedDensity_univ
MatrixEffects.lean	homologousPair_ratio_closed_form
MatrixEffects.lean	homologousPair_ratio_perU_closed_form
MatrixEffects.lean	homologousPair_ratio_perU_temperature_invariant
MatrixEffects.lean	homologousPair_ratio_temperature_invariant
MatrixEffects.lean	inflationFactor_eq
MatrixEffects.lean	missingFraction_nonneg
MatrixEffects.lean	nonHomologousPair_ratio_temperature_dependent
MatrixEffects.lean	one_le_inflationFactor
MatrixEffects.lean	recoveredComposition_absolute_matrix_dependent
MatrixEffects.lean	recoveredComposition_eq_inflation
MatrixEffects.lean	recoveredComposition_ratio
MatrixEffects.lean	recoveredComposition_ratio_matrix_invariant
MatrixEffects.lean	recoveredComposition_sum_one
MatrixEffects.lean	recoveredComposition_univ
MatrixEffects.lean	recoveredDensityOfSpectrum_eq
MatrixEffects.lean	recovered_ratio_from_intensities
MatrixEffects.lean	sahaIonDensity_antitone
MatrixEffects.lean	sahaSplit_saha
MatrixEffects.lean	sahaSplit_sum
MatrixIonizationCoupling.lean	coupledNe_exists_lt_of_S_lt
MatrixIonizationCoupling.lean	coupledNe_le_of_Ntot_le
MatrixIonizationCoupling.lean	coupledNe_le_of_S_le
MatrixIonizationCoupling.lean	coupledNe_lt_of_Ntot_lt
MatrixIonizationCoupling.lean	coupledNe_lt_of_S_lt
MatrixIonizationCoupling.lean	envelope_ionization_matrix_shift
MatrixIonizationCoupling.lean	multiElementIonized_le_of_Ntot_le
MatrixIonizationCoupling.lean	multiElementIonized_le_of_S_le
MatrixIonizationCoupling.lean	multiElementIonized_lt_of_Ntot_lt
MatrixIonizationCoupling.lean	multiElementIonized_lt_of_S_lt
MultiSpecies.lean	deNormalizedDensity_eq_deNormalizedDensityPerU
MultiSpecies.lean	deNormalized_lineIntensity
MultiSpecies.lean	deNormalized_lineIntensity_ofPerU
MultiSpecies.lean	deNormalized_lineIntensity_perU
MultiSpecies.lean	density_ratio_from_intensities
MultiSpecies.lean	density_ratio_from_intensities_ofPerU
MultiSpecies.lean	density_ratio_from_intensities_perU
MultiSpecies.lean	lineIntensity_eq_lineIntensityPerU
MultiSpecies.lean	speciesComposition_mem_stdSimplex
MultiSpecies.lean	speciesComposition_ratio
MultiSpecies.lean	speciesComposition_ratio_from_intensities_perU
MultiSpecies.lean	speciesComposition_sum_one
NoiseToComposition.lean	noise_to_composition
NoiseToComposition.lean	noise_to_density
NoiseToComposition.lean	noise_to_temperatureGap
NoiseToComposition.lean	tempResponseErrorBoundOfGap_mono
NoiseToComposition.lean	tempResponseErrorBound_eq_ofGap
NonLTEKinetics.lean	abs_log_departure_le
NonLTEKinetics.lean	departureCoeffNe_le_one
NonLTEKinetics.lean	departureCoeffNe_nonneg
NonLTEKinetics.lean	departureCoeffNe_strictMonoOn_ne
NonLTEKinetics.lean	departureCoeffNe_tendsto_one
NonLTEKinetics.lean	departureCoeff_le_one
NonLTEKinetics.lean	departureCoeff_pos
NonLTEKinetics.lean	departure_threshold_iff
NonLTEKinetics.lean	mcwhirter_forces_departure
NonLTEKinetics.lean	nonlte_density_error
NonLTEKinetics.lean	nonlte_ordinate_shift
NonLTEKinetics.lean	nonlte_temp_error
NonLTEKinetics.lean	nonlte_temp_error_uniform
NonLTEKinetics.lean	one_sub_departureCoeffNe
NonLTEKinetics.lean	two_level_balance
NonlinearLeastSquares.lean	Nsection_minimizer_unique
NonlinearLeastSquares.lean	clean_residual_ratio
NonlinearLeastSquares.lean	joint_onManifold_unique
NonlinearLeastSquares.lean	lineIntensity_linear_in_N
NonlinearLeastSquares.lean	nlObjective_Nsection_decomposition
NonlinearLeastSquares.lean	nlObjective_Nsection_lt_of_ne
NonlinearLeastSquares.lean	nlObjective_continuousOn
NonlinearLeastSquares.lean	nlObjective_eq_sq_sum
NonlinearLeastSquares.lean	nlObjective_eq_zero_iff
NonlinearLeastSquares.lean	nlObjective_exists_min
NonlinearLeastSquares.lean	nlObjective_onManifold_min
NonlinearLeastSquares.lean	profiledDensity_denom_pos
NonlinearLeastSquares.lean	profiledDensity_isMinOn_Nsection
NonlinearLeastSquares.lean	profiledDensity_onManifold
NonlinearLeastSquares.lean	profiledRatioResidual_diff
NonlinearLeastSquares.lean	profiledResidual_metric_bound
NonlinearLeastSquares.lean	profiledResidual_minimizer_trapped
NonlinearLeastSquares.lean	profiledResidual_nearManifold_bound
NonlinearLeastSquares.lean	profiledResidual_not_injective_m3
NonlinearLeastSquares.lean	profiledResidual_of_orthogonal
NonlinearLeastSquares.lean	profiledResidual_stability_in_obs
NonlinearLeastSquares.lean	profiledResidual_true_strict_lt
NonlinearLeastSquares.lean	profiledResidual_two_closed_form
NonlinearLeastSquares.lean	profiledResidual_two_eq_ratio
NonlinearLeastSquares.lean	profiledResidual_two_strictAntiOn
NonlinearLeastSquares.lean	profiledResidual_two_strictMonoOn
NonlinearLeastSquares.lean	profiledT_offManifold_unique
NonlinearLeastSquares.lean	profiledT_onManifold_unique
NonlinearLeastSquares.lean	profiledT_two_offManifold_box_unique
NonlinearLeastSquares.lean	profiledT_two_offManifold_unique
NonlinearLeastSquares.lean	profiledT_two_onManifold_unique
NonlinearLeastSquares.lean	two_ratio_diff
OLS.lean	boltzmannConditionNumber_ge_one
OLS.lean	centeredDesignNormalMatrix_eq_diagonal
OLS.lean	centeredScaledDesign_orthonormal
OLS.lean	centeredSolve_perturbation
OLS.lean	centeredSolve_relative_condition
OLS.lean	centered_mul_self
OLS.lean	centered_sum_zero
OLS.lean	designNormalMatrix_det_ne_zero_iff
OLS.lean	det_centeredDesignNormalMatrix
OLS.lean	det_designNormalMatrix
OLS.lean	det_jointDesignNormalMatrix
OLS.lean	jointDesign_det_pos_iff
OLS.lean	mean_affine
OLS.lean	olsSlope_eq_centered
OLS.lean	olsSlope_noise_gain
OLS.lean	olsSlope_sub_eq
OLS.lean	ols_recovers_line
OLSConditioning.lean	designNormalMatrix_coercive
OLSIdentifiability.lean	boltzmannDesign_mulVec_apply
OLSIdentifiability.lean	boltzmannDesign_mulVec_eq_zero
OLSIdentifiability.lean	boltzmannDesign_mulVec_injective
OLSIdentifiability.lean	boltzmannDesign_mulVec_injective_iff
OLSIdentifiability.lean	boltzmannDesign_mulVec_injective_iff_det
OLSIdentifiability.lean	boltzmannDesign_mulVec_injective_iff_pos_var
OLSIdentifiability.lean	boltzmannDesign_mulVec_not_injective_of_forall_eq
OLSIdentifiability.lean	boltzmann_params_unique
OLSIdentifiability.lean	exists_distinct_iff_pos_var
OLSIdentifiability.lean	twoLine_boltzmannDesign_injective_of_hEdist
OLSIdentifiability.lean	twoLine_design_injective_of_distinct
OpacityBroadening.lean	coreHalfLevel_le_half
OpacityBroadening.lean	coreHalfLevel_lt_half
OpacityBroadening.lean	coreHalfLevel_pos
OpacityBroadening.lean	coreHalfLevel_strictAntiOn
OpacityBroadening.lean	emergentProfile_half_iff
OpacityBroadening.lean	flatProfile_intensity_saturates_width_does_not
OpacityBroadening.lean	halfSA_le_coreHalfLevel
OpacityBroadening.lean	halfWidth_broadens
OpacityBroadening.lean	halfWidth_mono_tau
OpacityBroadening.lean	kOpacOf_le_of_le
OpacityBroadening.lean	kOpacOf_strictMonoOn
OpacityBroadening.lean	kOpacOf_tendsto_one
OpacityBroadening.lean	kOpacOf_two_bounds
OpacityBroadening.lean	kOpacOf_zero
OpacityBroadening.lean	lorentzShape_hwhm
OpacityBroadening.lean	lorentzShape_strictAntiOn
OpacityBroadening.lean	lorentzShape_widthRatio
OpacityBroadening.lean	lorentzShape_zero
OpacityBroadening.lean	lorentzWidthRatio_le_kOpacOf
OpacityBroadening.lean	lorentzWidthRatio_tendsto_one
OpacityBroadening.lean	lorentzWidthRatio_two_bounds
OpacityBroadening.lean	lorentzWidthRatio_two_lower
OpacityBroadening.lean	one_le_kOpacOf
OpacityBroadening.lean	one_lt_lorentzWidthRatio
OpacityBroadening.lean	starkOpacity_certificate_sound_of_tau
OpacityBroadening.lean	starkOpacity_certificate_sound_of_tau_le
OpacityBroadening.lean	stark_widthObs_le_budget
OpticalDepth.lean	csigma_density_droop_bound
OpticalDepth.lean	csigma_density_injOn
OpticalDepth.lean	effectiveCrossSection_pos
OpticalDepth.lean	lineIntensity_div_opticalDepth
OpticalDepth.lean	lineIntensity_eq_source_mul_opticalDepth
OpticalDepth.lean	lteSourceStrength_pos
OpticalDepth.lean	no_density_alias_of_boundOpticalDepth
OpticalDepth.lean	opticalDepth_div_lineIntensity
OpticalDepth.lean	opticalDepth_div_lineIntensity_strictAntiOn_temperature
OpticalDepth.lean	opticalDepth_eq_csigma
OpticalDepth.lean	opticalDepth_eq_linear
OpticalDepth.lean	opticalDepth_knownTauCert
OpticalDepth.lean	opticalDepth_pos
OpticalDepth.lean	opticalDepth_strictMono_density
OpticalDepth.lean	thickLineIntensity_eq_slab
OpticalDepth.lean	thickLineIntensity_injOn
OpticalDepth.lean	thickLineIntensity_strictMonoOn
OpticalDepthBridge.lean	boundOpticalDepth_lumped_alias
OpticalDepthBridge.lean	boundSelfAbsorptionFactor_strictAntiOn_density
OpticalDepthBridge.lean	effectiveCrossSection_lt_of_energy_lt
OpticalDepthBridge.lean	lteSourceStrength_ratio_calibration_free
OpticalDepthBridge.lean	thickLineIntensity_eq_cogIntensity
OpticalDepthBridge.lean	thickLineIntensity_lt_lineIntensity_of_pos_density
OpticalDepthBridge.lean	thickLineIntensity_ratio_eq_source_mul_cogRatio
OpticalDepthBridge.lean	thickLineIntensity_ratio_injOn_density
OpticalDepthBridge.lean	thickLineIntensity_ratio_strictAntiOn_density
OuterLoopModelB.lean	outerLoop_contracts
PartialLTE.lean	lteValid_iff_thermalized
PartialLTE.lean	mcwhirter_iff_thermalizationLimit
PartialLTE.lean	thermalizationLimit_antitone_T
PartialLTE.lean	thermalizationLimit_mono_ne
PartialLTE.lean	thermalizationLimit_pos
PartialLTE.lean	thermalized_recovers_gap
PartitionLipschitz.lean	partitionFunction_lipschitz_temp
PartitionLipschitz.lean	partitionFunction_relative_error_temp
PartitionLipschitz.lean	partitionFunction_two_point_bound
ProfiledTUniqueness.lean	joint_twoLevel_box_isStrictMin
ProfiledTUniqueness.lean	joint_twoLevel_box_minimizer_unique
ProfiledTUniqueness.lean	joint_two_box_isStrictMin
ProfiledTUniqueness.lean	joint_two_box_minimizer_unique
ProfiledTUniqueness.lean	profiledResidual_eq_rayleigh
ProfiledTUniqueness.lean	profiledResidual_twoLevel_Tstar_isStrictMin
ProfiledTUniqueness.lean	profiledResidual_twoLevel_eq
ProfiledTUniqueness.lean	profiledResidual_twoLevel_strictUnimodalOn
ProfiledTUniqueness.lean	profiledResidual_twoLevel_strictUnimodal_onManifold
ProfiledTUniqueness.lean	twoLevelResidual_diff
ProfiledUnimodality.lean	profiledResidual_two_Tstar_isStrictMin
ProfiledUnimodality.lean	profiledResidual_two_strictUnimodalOn
ProfiledUnimodality.lean	profiledResidual_two_strictUnimodal_onManifold
RadiativeTransferDepth.lean	rtEmergent_sandwich
RadiativeTransferDepth.lean	rtEmergent_single
RadiativeTransferDepth.lean	rtEmergent_two
RadiativeTransferDepth.lean	rtEmergent_uniform
RadiativeTransferDepth.lean	rtFormalLinear
RadiativeTransferDepth.lean	rtFormal_const
RadiativeTransferDepth.lean	rtFormal_sandwich
Robustness.lean	logRatioIntercept_stable
Robustness.lean	logRatioIntercept_stable_sharp
Robustness.lean	twoLineBeta_continuous
Robustness.lean	twoLineBeta_stable
Robustness.lean	twoLineBeta_stable_sharp
Saha.lean	chargeNeutrality_two_stage
Saha.lean	electronDensity_antitone
Saha.lean	log_sahaFactor
Saha.lean	sahaFactor_pos
Saha.lean	saha_relation
Saha.lean	thermalBracket_pos
SahaContraction.lean	dampedIter_single_converges_to_sahaEquilibriumNe
SahaContraction.lean	dampedMultiElementIter_converges_to_equilibrium
SahaEquilibrium.lean	dampedMultiElementIter_contraction
SahaEquilibrium.lean	dampedMultiElementIter_geometric_error
SahaEquilibrium.lean	dampedMultiElementIter_nonneg
SahaEquilibrium.lean	dampedMultiElementIter_tendsto
SahaEquilibrium.lean	jointOuterContraction_box
SahaEquilibrium.lean	jointOuterMap_contraction
SahaEquilibrium.lean	jointOuterMap_geometric_error
SahaEquilibrium.lean	jointOuterMap_mapsTo
SahaEquilibrium.lean	multiElementIonized_iter_tendsto
SahaEquilibrium.lean	multiElementIonized_lipschitz
SahaEquilibrium.lean	multiElementIonized_no_two_cycle
SahaEquilibrium.lean	multiElementIonized_strictAntiOn
SahaEquilibrium.lean	multiElementIonized_two_point
SahaEquilibrium.lean	multiElement_exists_pos_fixedPoint
SahaEquilibrium.lean	multiElement_pos_fixedPoint_unique
SahaEquilibrium.lean	multiElement_single_eq_sahaEquilibriumNe
SahaEquilibrium.lean	neLeg_mapsTo
SahaEquilibrium.lean	outerContraction_box
SahaEquilibrium.lean	outerMap_contraction
SahaEquilibrium.lean	outerMap_geometric_error
SahaEquilibrium.lean	outerMap_mapsTo
SahaEquilibrium.lean	sahaEquilibriumNe_lt_totalDensity
SahaEquilibrium.lean	sahaEquilibriumNe_pos
SahaEquilibrium.lean	sahaEquilibriumNe_selfConsistent
SahaEquilibrium.lean	sahaEquilibriumNe_strictMono_S
SahaEquilibrium.lean	sahaEquilibrium_selfConsistent
SahaEquilibrium.lean	sahaEquilibrium_unique_state
SahaEquilibrium.lean	sahaIter_contraction
SahaEquilibrium.lean	sahaIter_fixedPoint
SahaEquilibrium.lean	sahaIter_geometric_error
SahaEquilibrium.lean	sahaIter_mapsTo
SahaEquilibrium.lean	sahaIter_tendsto
SahaEquilibrium.lean	selfConsistentState_unique
SahaEquilibrium.lean	selfConsistent_unique
SahaInverse.lean	sahaBoltzmann_plot
SahaInverse.lean	sahaBoltzmann_shift_eq_log_saha
SahaInverse.lean	saha_joint_identifiability
SahaRangeEnclosure.lean	electronDensityFromRatio_mem_Icc
SahaRangeEnclosure.lean	outerLoop_contracts_apriori
SahaRangeEnclosure.lean	sahaFactor_mem_Icc
SahaStability.lean	electronDensityFromRatio_lipschitz_temp
SahaStability.lean	electronDensityFromRatio_strictMonoOn_temp
SahaStability.lean	electronDensity_lipschitz
SahaStability.lean	electronDensity_relativeError
SahaStability.lean	partitionFunction_mono_temp
SahaStability.lean	partitionFunction_upper_growth
SahaStability.lean	sahaFactor_lipschitz_temp
SahaStability.lean	sahaFactor_strictMonoOn_temp
SahaStability.lean	saha_inv_lipschitz
SahaStability.lean	saha_ratio_cancel
SahaStability.lean	thermalBracket_strictMono
SelfAbsorption.lean	lineIntensity_eq_selfAbsorbedIntensity_div
SelfAbsorption.lean	selfAbsorbedIntensity_eq_slab
SelfAbsorption.lean	selfAbsorbedIntensity_le_lineIntensity
SelfAbsorption.lean	selfAbsorbedIntensity_lt_lineIntensity
SelfAbsorption.lean	selfAbsorptionFactor_le_one
SelfAbsorption.lean	selfAbsorptionFactor_pos
SelfAbsorption.lean	selfAbsorptionFactor_strictAntiOn
SelfAbsorption.lean	selfAbsorptionFactor_tendsto_one
SelfAbsorption.lean	slabIntensity_eq_thin_mul_SA
SelfAbsorption.lean	slabIntensity_le_thin
SelfAbsorptionInverse.lean	lineIntensity_smul_left
SelfAbsorptionInverse.lean	selfAbsorption_breaks_composition_identifiability
SelfAbsorptionInverse.lean	selfAbsorption_breaks_identifiability
SelfAbsorptionInverse.lean	thick_composition_identifiability
SelfAbsorptionInverse.lean	thick_density_identifiability
SelfReversal.lean	emergentIntensity_nonneg
SelfReversal.lean	emergentIntensity_strictAnti_shell
SelfReversal.lean	selfReversal_noShell
SelfReversal.lean	selfReversal_uniformSource
SpatialForward.lean	chordGeometry_det_ne_zero
SpatialForward.lean	chordGeometry_isUnit
SpatialForward.lean	chord_profile_identifiable
SpatialForward.lean	onionPeel_blockTriangular
SpatialForward.lean	onionPeel_chordIntensity
SpatialForward.lean	peeling_amplification
SpatialForward.lean	peeling_amplification_iSup
SpatialForward.lean	peeling_condition_linfty
SpatialForward.lean	peeling_identity
SpatialForward.lean	peeling_single_step
SpatialForward.lean	singleZone_identifiable
StarkBroadening.lean	mcWhirterBound_mono_T
StarkBroadening.lean	mcWhirterBound_mono_dE
StarkBroadening.lean	starkDensity_recovers
StarkBroadening.lean	starkFWHM_injective
StarkBroadening.lean	starkFWHM_isLinear
StarkBroadening.lean	starkFWHM_strictMono
StarkBroadening.lean	stark_saha_lte_consistent
StarkOpacityGuard.lean	starkDensity_biased_high
StarkOpacityGuard.lean	starkDensity_brackets_true
StarkOpacityGuard.lean	starkDensity_div_budget_le
StarkOpacityGuard.lean	starkDensity_mono_width
StarkOpacityGuard.lean	starkOpacityLteCert_imp_mcWhirterCert
StarkOpacityGuard.lean	starkOpacity_certificate_sound
StarkOpacityGuard.lean	stark_lte_gate_one_directional
StarkOpacityGuard.lean	stark_lte_gate_sound_of_opticallyThin
StarkShift.lean	shiftWidthRatio_indep_ne
StarkShift.lean	shift_width_density_agree
StarkShift.lean	starkDensityFromShift_recovers
StarkShift.lean	starkShift_abs_strictMono
StarkShift.lean	starkShift_injective
StarkShift.lean	starkShift_isLinear
StarkShift.lean	starkShift_pos_of_dRef_pos
StarkShift.lean	starkShift_strictAnti_of_neg
StarkShift.lean	starkShift_strictMono_of_pos
TemporalEvolution.lean	gateSahaTotalDensity_eq
TemporalEvolution.lean	mcwhirter_requirement_antitone
TemporalEvolution.lean	mem_lteWindow_thermalized
TemporalEvolution.lean	temporal_composition_gate_independent
TemporalEvolution.lean	temporal_composition_invariant
TemporalEvolution.lean	temporal_saha_composition_gate_independent
TemporalEvolution.lean	temporal_saha_composition_invariant
TemporalEvolution.lean	temporal_temperature_insitu
TwoDCOS.lean	asyncMatrix_antisymm
TwoDCOS.lean	asyncMatrix_diag_zero
TwoDCOS.lean	asyncMatrix_singleDriver_zero
TwoDCOS.lean	hilbertNoda_transpose_neg
TwoDCOS.lean	skew_quadForm_zero
TwoDCOS.lean	syncMatrix_diag_eq_variance
TwoDCOS.lean	syncMatrix_diag_nonneg
TwoDCOS.lean	syncMatrix_symm
TwoDCOSOrder.lean	B_add_left
TwoDCOSOrder.lean	B_add_right
TwoDCOSOrder.lean	B_antisymm
TwoDCOSOrder.lean	B_eq_sum
TwoDCOSOrder.lean	B_selfZero
TwoDCOSOrder.lean	B_smul_left
TwoDCOSOrder.lean	B_smul_right
TwoDCOSOrder.lean	B_smul_smul
TwoDCOSOrder.lean	B_stepDelay_eq
TwoDCOSOrder.lean	B_stepDelay_pos
TwoDCOSOrder.lean	B_stepDelay_rev_neg
VoigtErrorEnclosure.lean	voigtFWHM_ge_max
VoigtErrorEnclosure.lean	voigtFWHM_le_olUpper
VoigtErrorEnclosure.lean	voigtFWHM_naive_upper_false
VoigtErrorEnclosure.lean	voigtFWHM_true_enclosure
VoigtErrorEnclosure.lean	voigtFWHM_true_enclosure_clean
VoigtWidth.lean	voigtFWHM_ge_gauss
VoigtWidth.lean	voigtFWHM_ge_lorentz
VoigtWidth.lean	voigtFWHM_mono_wG
VoigtWidth.lean	voigtFWHM_mono_wL
VoigtWidth.lean	voigtFWHM_pos
VoigtWidth.lean	voigt_gaussian_limit
VoigtWidth.lean	voigt_lorentzian_limit
